Model,Accuracy,Precision,Recall,F1_Score,ROC_AUC
Ridge,0.5542619542619542,0.5706214689265536,0.5669607056936647,0.5687851971037812,0.5537739625186804
LSTM,0.5646569646569647,0.5697350069735007,0.6551724137931034,0.6094740768370012,0.5827336211397856
