Pair_ID,Samples,Ridge_Acc,Ridge_Prec,LSTM_Acc,LSTM_Prec
AME-ITW,481,0.5384615384615384,0.5868544600938967,0.5841995841995842,0.6138996138996139
CMS-DUK,481,0.5821205821205822,0.5893536121673004,0.6029106029106029,0.5922330097087378
MS-STT,481,0.5384615384615384,0.5800865800865801,0.5363825363825364,0.564748201438849
AIG-CB,481,0.5696465696465697,0.5680933852140078,0.553014553014553,0.5425867507886435
FITB-PNC,481,0.5426195426195426,0.5345454545454545,0.5426195426195426,0.5263157894736842
